date,AAL,AAPL,ADBE,ADI,ADP,ADSK,ALGN,AMAT,AMD,AMGN,AMZN,ASML,AVGO,BIDU,BIIB,BKNG,BMRN,CDNS,CHKP,CMCSA,COST,CSCO,CSX,CTAS,CTSH,DLTR,EA,EBAY,EXPE,FAST,GILD,GME,GOOGL,HAS,HSIC,IDXX,ILMN,INCY,INTC,INTU,ISRG,JBHT,KLAC,LBTYK,LRCX,LULU,MAR,MCHP,MDLZ,MELI,MNST,MSFT,MU,NFLX,NTAP,NTES,NVDA,ORLY,PAYX,PCAR,PEP,QCOM,REGN,ROST,SBUX,SIRI,SMCI,SNPS,SWKS,TCOM,TMUS,TTWO,TXN,UAL,ULTA,VRSK,VRSN,VRTX,WBA,WDC,WYNN,XEL
2024-02-14,0,7,46,0,0,0,71,72,18,21,0,38,19,0,0,83,81,7,20,0,18,0,0,0,0,90,0,66,86,0,0,0,81,0,54,11,7,21,0,31,0,0,95,0,15,88,0,88,3,79,47,64,0,0,28,0,0,35,0,0,0,47,89,83,71,79,98,0,72,47,0,0,0,87,26,16,25,0,62,0,12,0
2024-02-15,1,-7,22,0,0,0,82,0,-18,-21,0,-7,-19,0,90,0,0,-7,0,0,-18,0,0,0,0,0,0,1,0,98,0,0,-72,0,0,-11,-7,0,0,93,0,0,0,0,0,-53,87,0,-3,-58,0,0,0,0,0,0,0,-31,0,0,78,0,0,0,0,-8,-45,0,93,0,82,0,0,0,81,0,-6,0,-62,0,-12,5
2024-02-16,-1,0,0,0,0,0,-51,0,0,0,0,0,0,0,0,0,-19,0,0,0,0,88,0,0,0,-4,0,-28,-65,0,0,0,-9,0,5,0,0,-21,0,0,0,0,0,0,-15,0,-66,0,0,0,-16,-53,0,0,-28,0,0,0,0,0,0,0,61,-36,-71,91,-34,0,0,0,0,0,0,-82,0,90,-17,0,0,0,0,89
2024-02-20,0,0,0,0,0,0,0,-34,0,0,0,0,0,0,-46,0,-3,0,0,0,0,0,0,0,0,0,0,0,0,0,0,0,0,0,-59,95,0,0,0,0,0,0,0,0,0,-35,-21,-3,0,0,0,0,0,0,0,0,0,0,0,0,0,-21,0,-26,0,0,0,0,0,-47,-32,0,0,0,0,0,-2,0,0,0,0,67
2024-02-21,0,0,0,0,0,0,-8,0,91,0,0,0,0,0,-44,0,0,0,0,0,0,1,0,0,0,-86,0,-16,0,-48,0,0,0,0,0,-54,0,0,0,0,19,0,-57,0,0,0,0,0,0,0,-31,-11,0,0,0,0,0,0,0,0,0,0,91,0,0,-30,0,0,-58,0,94,0,0,-5,-37,0,0,0,0,0,0,85
2024-02-22,0,0,-34,0,0,0,0,0,-88,0,0,0,0,0,0,0,81,0,0,0,0,0,86,0,0,0,0,-23,0,77,0,25,0,0,97,0,0,0,0,0,0,0,0,77,85,0,0,0,0,55,0,0,0,0,0,0,86,0,0,0,0,-26,-85,0,0,0,-19,0,-34,0,0,0,0,0,0,-53,0,0,77,0,0,-8
2024-02-23,0,0,-10,0,0,0,0,0,0,0,0,0,0,0,0,0,0,0,-20,0,0,-49,-31,0,0,0,0,0,0,94,0,-25,0,0,0,-12,0,0,0,93,0,0,0,4,-73,0,0,-9,0,0,0,0,0,0,0,41,-74,0,0,0,-13,0,-59,0,0,-43,0,0,-34,94,0,0,0,0,0,90,0,0,0,0,0,0
2024-02-26,0,0,97,0,0,0,97,36,-3,0,0,-10,0,98,0,0,-9,0,0,0,0,-40,0,0,0,0,0,0,-20,-42,0,4,0,0,0,90,0,0,0,0,0,0,-33,0,0,0,0,-48,0,0,0,0,0,0,0,-41,0,0,0,0,-8,0,-66,-9,0,-53,0,0,98,92,-70,0,94,0,-54,-83,0,0,-66,0,0,-47
2024-02-27,0,0,-3,0,0,0,0,-13,0,0,0,-21,0,0,0,0,-25,0,0,0,0,0,0,0,0,0,0,3,-1,-81,0,-4,0,0,-43,1,0,0,0,0,0,0,-5,-64,-12,0,0,0,0,0,0,0,0,0,0,93,-12,39,0,0,-57,0,0,0,0,0,0,0,0,-11,-35,0,2,0,0,0,0,0,-11,0,0,97
2024-02-28,0,0,0,0,0,0,1,0,0,0,0,0,0,-38,89,0,-70,0,98,0,0,84,-44,0,72,0,0,0,0,-8,87,0,0,0,-33,20,0,69,0,-42,-6,0,0,1,0,0,0,85,0,-29,0,0,82,83,0,76,0,0,0,0,0,0,-31,0,0,76,0,0,64,1,0,0,-56,0,0,-60,0,0,0,0,0,-77
2024-02-29,0,0,0,0,0,0,0,0,0,0,0,0,0,0,0,5,0,0,-76,0,0,-30,-11,0,-72,0,0,-3,0,0,-72,0,0,0,0,0,0,-69,0,0,-13,0,0,-9,0,0,0,-65,0,-47,0,0,-64,0,0,0,0,95,0,0,0,0,0,0,0,0,0,0,0,47,0,0,0,0,0,0,0,0,0,0,0,-62
2024-03-01,0,0,-118,0,0,0,-192,-61,0,0,0,0,0,-60,-89,-88,-36,0,-22,0,0,-54,0,0,0,0,0,0,0,-90,-15,0,0,0,-21,-140,0,0,0,-175,0,0,0,-9,0,0,0,-48,0,0,0,0,-18,-83,0,-169,0,-138,0,0,0,0,0,-12,0,-112,0,0,-201,-223,-39,0,-40,0,-16,0,0,0,0,0,0,-149
2024-03-04,0,0,91,0,0,80,97,0,0,18,41,74,62,0,80,96,19,0,0,13,20,89,0,0,91,43,0,25,57,0,27,0,0,24,0,0,66,34,0,73,58,15,20,40,24,0,0,0,96,0,0,28,0,72,0,89,72,68,0,9,60,0,0,0,92,49,0,0,60,78,0,25,0,56,58,0,0,63,60,0,48,0
2024-03-05,0,0,-78,95,0,-51,-59,0,0,0,-41,-46,-62,0,0,40,-19,0,0,-13,0,0,0,0,0,0,97,-13,-57,0,-27,0,0,-3,0,0,-44,0,0,93,0,0,-20,-40,21,0,0,0,-63,0,0,-28,0,-27,0,-24,0,0,0,-9,-60,0,0,0,0,1,0,0,0,0,0,-25,0,0,-24,93,0,0,-11,0,-48,0
2024-03-06,0,0,0,0,0,-29,-17,88,0,-18,0,-11,0,0,0,-59,0,0,94,98,-20,0,0,0,-16,-43,0,0,91,0,0,92,0,0,0,0,0,0,0,0,-58,-15,0,0,0,0,0,90,0,0,89,0,0,91,0,89,-22,90,0,0,0,0,0,0,0,1,0,84,0,-10,0,0,0,-5,14,0,0,0,-41,0,0,0
2024-03-07,0,0,0,-29,0,0,-21,-23,0,0,0,-17,0,0,-45,0,0,0,-52,-73,0,0,2,0,-41,3,-92,0,0,92,0,-85,0,0,0,0,-22,0,0,56,0,0,97,0,-41,0,0,-72,0,0,-22,0,0,0,0,0,0,0,0,0,0,0,0,0,0,0,0,0,98,-68,0,0,0,0,-15,0,0,-63,1,0,0,0
2024-03-08,0,0,-13,-25,0,0,0,0,0,0,0,0,0,0,-35,0,0,0,-42,-18,0,0,-2,0,0,0,0,0,0,0,2,-7,0,0,0,0,0,0,0,0,0,0,62,0,-4,0,0,-18,0,0,-19,0,0,-40,0,0,-50,0,95,0,0,0,0,98,0,-45,0,0,0,0,0,0,0,-51,0,-28,0,0,-9,0,0,0
2024-03-11,89,0,0,-41,0,0,0,0,0,92,0,0,0,0,0,0,0,0,0,-7,94,3,0,1,0,0,-5,97,-64,-4,-2,0,0,-21,0,86,0,-15,0,0,0,0,-57,0,0,0,0,93,0,0,-48,0,0,-80,0,0,0,0,-95,0,0,0,0,-83,-92,0,0,-41,0,93,0,0,0,0,0,0,0,0,0,89,0,0
2024-03-12,0,94,0,0,0,0,0,0,0,0,0,0,0,0,0,0,0,0,0,0,0,0,0,-1,-34,0,0,-23,0,-80,96,0,0,98,0,0,0,-17,1,0,0,0,-48,0,0,0,0,0,-33,32,0,0,2,-8,0,-27,0,0,0,0,0,0,0,87,0,-6,0,-43,0,93,0,0,0,0,-20,0,0,0,0,-89,0,0
2024-03-13,-38,0,0,0,0,0,0,-55,95,0,0,45,0,0,0,0,0,0,0,0,-34,3,0,0,0,0,0,92,-27,-8,0,0,0,0,0,-36,0,0,-1,1,0,0,0,0,0,0,0,0,0,0,0,99,0,0,0,0,0,-37,0,0,0,0,0,0,0,0,0,0,-84,0,0,0,0,0,0,0,0,0,0,0,0,0
2024-03-14,-33,0,0,0,0,0,0,0,-86,-75,0,-24,0,0,0,0,0,0,0,0,0,-51,0,0,0,-3,0,-23,0,0,-25,0,0,0,0,0,0,97,0,0,0,0,-25,0,0,2,0,0,0,68,0,-43,-2,-8,0,0,0,0,0,0,0,0,0,0,0,0,0,0,0,0,2,0,0,0,0,-22,0,0,0,0,0,0
2024-03-15,0,-90,0,0,0,0,0,0,-9,0,0,0,0,0,0,0,0,0,8,0,0,-44,0,0,0,0,0,-90,0,0,0,0,0,0,0,0,0,-58,0,0,0,0,0,2,0,0,0,0,0,38,0,-56,0,0,0,0,0,0,0,0,0,0,0,0,0,0,0,0,0,0,0,0,0,0,0,-43,0,0,0,0,0,0
2024-03-18,-18,-4,0,0,0,0,0,-2,0,0,2,0,0,0,0,0,0,0,0,0,39,0,0,0,0,0,0,1,0,0,-49,0,0,-82,0,-18,0,-17,0,0,0,0,0,-2,0,0,0,0,0,0,0,0,0,0,0,-71,0,0,0,0,0,0,0,0,0,0,0,0,0,-23,-2,0,0,0,0,0,0,0,1,0,0,0
2024-03-19,0,0,0,0,0,0,0,-8,0,0,-2,0,0,0,0,0,0,0,0,0,0,0,0,0,0,0,0,0,0,0,0,0,0,0,0,0,0,-24,0,-45,0,0,0,0,0,0,0,-18,0,0,0,0,0,0,0,0,0,0,0,0,0,0,0,0,0,0,0,0,-38,5,0,0,0,0,69,0,0,0,1,0,0,0
2024-03-20,0,0,0,0,0,0,0,0,0,0,0,-21,0,0,0,0,1,0,0,0,92,0,0,0,0,0,98,-14,0,0,0,0,0,-16,0,-32,0,0,0,-71,0,0,-29,1,0,0,0,0,0,0,0,0,0,0,0,0,0,22,0,0,0,0,0,-15,0,0,0,0,0,1,0,0,0,0,0,0,0,0,-2,0,0,0
2024-03-21,2,0,0,0,0,0,0,0,0,0,0,0,0,0,0,-27,0,0,-8,0,0,1,0,0,0,0,0,-52,0,0,-17,0,0,0,0,0,0,0,0,97,0,0,0,0,0,-2,22,0,0,0,0,95,0,0,0,0,0,0,0,0,0,0,0,-31,0,0,0,0,-7,0,0,0,0,0,0,0,0,0,0,0,0,0
2024-03-22,-2,0,0,0,0,0,0,0,0,0,0,0,0,0,0,0,0,0,0,0,0,0,0,0,0,0,-54,0,2,0,0,0,0,0,0,0,0,0,0,-2,0,0,0,0,0,0,-22,0,0,0,0,46,0,0,0,-56,0,0,0,0,0,0,0,0,0,0,0,0,0,0,0,0,0,1,0,0,0,0,0,0,0,0
2024-03-25,0,0,0,0,0,0,0,0,0,0,0,0,0,0,0,0,-1,0,0,0,-18,0,0,0,0,0,-44,0,-2,0,0,0,0,0,0,0,0,0,0,0,48,0,0,1,0,0,0,-46,0,-9,0,0,0,0,0,1,0,0,0,0,0,0,0,0,0,0,0,0,0,0,0,1,0,-1,0,0,97,0,0,0,0,0
2024-03-26,2,0,0,99,0,0,0,0,0,-17,0,13,0,99,0,0,0,0,0,0,-44,0,0,0,0,0,0,0,3,0,-5,0,0,0,0,0,0,0,0,0,0,0,0,0,0,0,0,0,0,0,0,0,0,0,0,0,0,0,0,0,0,0,0,0,0,0,0,0,-29,-46,0,-1,0,0,0,0,0,0,0,0,0,0
2024-03-27,-2,0,0,0,0,0,0,0,0,0,99,0,0,-6,0,0,0,0,0,0,0,1,0,0,0,0,0,0,0,0,0,0,0,0,0,0,1,0,0,24,0,0,0,0,0,0,0,0,0,0,0,-77,0,0,0,0,0,0,0,0,0,0,0,0,0,0,0,0,0,-5,0,0,0,0,0,0,0,0,0,0,0,0
2024-03-28,0,8,0,0,0,0,0,0,0,0,0,-13,0,0,0,18,0,0,96,0,-58,0,0,0,0,0,0,0,0,0,0,0,0,0,0,0,-1,0,0,-89,0,91,0,1,92,0,0,0,0,-10,0,92,0,0,0,0,1,0,0,0,0,0,0,0,0,0,0,0,0,-73,0,0,0,0,0,0,-94,0,0,0,0,0
2024-04-01,0,0,0,-49,0,0,0,0,0,0,2,0,0,95,0,0,0,0,-1,0,54,-2,1,0,0,0,0,0,0,0,0,0,0,0,0,0,0,0,0,0,-48,-27,0,-3,-92,0,0,0,0,-6,0,0,0,0,0,0,-1,0,0,0,0,0,0,0,0,0,0,0,0,-45,0,0,0,0,0,0,-3,0,0,0,0,94
2024-04-02,0,0,0,0,0,0,0,0,0,0,-91,0,0,0,0,0,0,0,98,0,0,0,-1,0,0,0,0,0,-3,0,0,0,0,0,0,0,99,99,0,0,0,-64,0,0,0,0,0,-29,0,0,0,-32,1,0,0,0,0,0,0,0,0,0,0,0,0,1,0,0,0,0,0,0,66,0,0,0,0,0,0,0,0,-12
2024-04-03,5,-8,0,99,0,0,0,0,0,0,-10,0,0,-5,0,0,0,0,99,0,0,0,0,0,0,3,0,0,99,0,0,0,0,0,0,0,-56,-99,0,68,0,0,0,0,0,0,0,0,0,-67,0,-58,0,99,0,-1,0,0,0,0,0,0,0,0,0,-1,0,0,0,0,0,0,-66,0,0,0,0,0,0,0,0,0
2024-04-04,-5,0,0,99,0,0,0,0,97,0,0,0,0,0,0,0,0,0,-99,0,0,0,0,0,0,0,0,0,-98,0,0,0,0,0,0,0,99,0,0,0,0,0,0,1,0,0,0,2,0,0,0,-66,0,19,0,0,0,0,0,0,0,0,0,-25,0,0,0,0,0,0,0,0,0,0,0,0,0,0,0,0,0,-23
2024-04-05,2,0,0,-97,0,0,0,0,-97,0,0,0,0,0,0,0,0,0,0,0,0,0,0,0,0,0,0,0,0,0,0,0,0,1,0,0,0,0,0,-99,0,0,0,-1,0,0,0,0,98,0,0,74,0,99,0,0,0,0,0,0,0,0,0,0,0,0,0,0,0,0,0,0,0,0,0,0,0,0,0,0,0,-59
2024-04-08,0,0,0,-90,0,0,0,0,0,0,0,0,0,0,0,0,0,0,0,0,0,0,0,0,0,0,0,0,0,0,0,0,0,7,0,0,0,0,0,0,0,0,0,2,0,0,0,0,0,0,0,-68,-1,0,0,0,0,0,0,0,0,0,0,0,0,0,0,80,0,0,0,0,0,0,0,0,0,0,0,0,0,0
2024-04-09,2,0,0,0,0,0,0,0,0,0,0,0,0,0,0,0,0,0,0,0,0,0,0,0,0,-3,0,0,-1,0,0,0,0,-8,0,0,99,0,0,0,0,0,0,0,0,0,0,0,40,0,0,-5,0,-18,0,0,0,0,0,0,0,0,0,-7,0,1,0,0,0,0,0,0,0,0,0,0,0,0,0,0,0,0
2024-04-10,-4,0,0,0,0,0,0,0,94,0,0,96,0,0,0,0,0,0,98,0,-25,0,0,2,0,0,0,0,0,0,0,0,0,0,0,0,0,0,0,-87,0,0,0,-2,0,0,0,1,0,-46,0,-1,0,-57,0,94,0,0,0,0,0,0,0,0,0,-1,0,0,0,97,0,0,0,0,41,0,98,0,0,0,0,0
2024-04-11,0,0,0,-26,0,0,0,0,-73,0,0,0,0,-35,0,0,0,0,99,0,0,0,0,-2,0,0,0,0,0,0,0,0,0,0,0,0,-74,0,0,0,0,0,0,0,0,0,0,-3,0,0,0,0,0,41,0,0,0,0,0,0,0,0,0,0,0,0,0,0,0,0,0,0,1,0,0,0,-59,0,0,0,0,0
2024-04-12,0,0,0,-19,0,0,0,0,-21,0,0,0,0,0,0,0,0,0,0,0,0,0,0,0,0,0,0,0,0,0,0,0,0,0,0,0,0,0,0,0,0,0,0,0,1,0,0,0,0,0,0,0,0,0,0,0,0,0,0,0,0,0,0,0,0,0,0,0,0,0,0,0,-1,0,0,0,38,0,1,0,0,0
2024-04-15,0,0,0,-16,0,0,0,0,0,0,0,0,0,0,0,0,0,0,0,0,0,0,4,99,0,0,0,0,0,0,0,0,0,0,0,0,0,0,0,84,0,0,0,0,-1,0,0,0,0,0,0,0,0,-60,0,0,0,0,0,0,0,0,0,0,0,0,0,-55,0,-59,0,0,0,0,0,0,0,0,-1,0,0,99
2024-04-16,0,0,0,99,0,0,0,0,0,0,91,-96,0,-58,0,0,0,0,-2,0,0,0,-4,-86,0,0,0,0,0,0,0,0,91,0,0,0,-56,0,0,0,0,0,0,1,0,0,92,0,-33,0,0,0,0,85,0,87,0,0,0,0,0,0,0,0,99,0,0,0,0,-38,0,0,0,0,0,0,-77,0,0,0,0,-72
2024-04-17,1,0,0,96,0,0,0,0,0,0,-20,0,0,99,0,0,0,0,98,0,0,0,0,-13,0,0,0,0,0,0,0,0,0,0,0,0,99,0,0,0,0,0,0,2,0,0,-92,0,-23,0,0,0,0,-92,0,0,0,0,0,0,0,0,0,0,-91,97,0,0,0,0,0,0,1,0,73,0,0,0,0,0,0,99
2024-04-18,-1,0,0,97,0,0,0,0,0,0,96,0,0,-87,0,-20,0,0,-33,0,0,0,0,0,0,0,0,0,0,0,0,0,-77,0,0,1,99,99,0,64,0,0,0,0,0,0,0,0,97,0,0,0,0,-44,0,97,0,0,0,0,0,0,0,0,0,1,0,0,0,0,0,99,-1,2,0,0,0,0,0,0,0,0
2024-04-19,0,0,0,-99,0,0,0,0,0,0,99,0,0,0,0,0,0,0,0,0,0,0,0,0,0,1,0,0,0,0,0,0,0,0,0,0,0,-99,0,45,0,0,0,-3,0,0,0,0,0,0,0,0,0,-72,0,0,0,0,0,0,0,0,0,0,0,0,0,0,0,0,0,100,0,0,0,0,0,0,0,0,0,99
2024-04-22,0,0,0,-10,0,0,0,0,0,0,0,0,0,-59,0,0,0,0,99,0,0,0,0,23,0,0,0,0,0,0,0,0,-14,0,0,0,99,0,0,-87,0,0,0,0,0,0,0,0,99,0,0,0,0,0,0,0,0,0,0,0,0,0,0,0,99,0,0,0,0,98,0,-89,0,0,0,0,99,0,0,0,0,98
2024-04-23,0,0,0,-99,0,0,0,0,0,0,0,0,0,0,0,0,0,0,-74,0,0,0,0,-23,0,99,0,0,0,0,0,0,0,0,0,0,-99,0,0,-84,94,0,0,0,0,0,0,0,-89,0,0,0,90,0,0,0,0,0,0,99,0,0,0,0,97,1,0,0,0,-28,0,0,0,-2,98,0,-98,0,1,0,0,97
2024-04-24,0,0,0,0,0,0,0,0,0,0,0,0,0,99,0,0,0,0,99,0,0,0,0,0,0,0,0,0,0,0,0,0,0,1,0,0,28,0,0,-41,0,0,0,0,0,0,0,0,99,0,0,0,-68,0,0,0,0,0,0,-43,0,0,0,0,-85,1,0,0,0,0,0,99,0,0,0,0,-1,0,0,0,0,-84
2024-04-25,0,0,0,0,0,0,0,0,0,0,99,0,0,-91,0,0,0,0,0,0,0,0,0,0,0,0,0,0,0,0,0,0,0,-1,0,0,85,98,0,0,0,0,0,0,0,0,0,0,0,0,0,0,-22,0,0,0,0,0,0,-56,0,0,0,0,0,-26,0,0,0,1,0,-95,0,0,0,0,0,0,-1,0,0,0
2024-04-26,0,0,0,-84,0,0,0,0,0,0,-81,0,0,0,0,0,0,0,-34,0,0,0,0,98,0,0,0,0,0,0,0,0,0,96,0,0,0,-98,0,0,0,0,0,0,0,0,0,0,0,0,0,0,0,0,0,0,0,0,0,0,0,0,0,-12,0,0,0,0,97,0,0,-91,0,0,0,0,0,71,0,0,0,-85
2024-04-29,0,0,0,0,0,0,0,0,0,0,56,0,0,0,0,0,0,0,0,0,0,0,0,0,0,0,0,0,0,0,0,0,0,0,0,-1,0,0,0,0,0,0,0,0,0,0,0,0,-6,0,0,0,0,0,0,-32,0,0,0,0,0,0,0,0,-20,0,0,0,0,-25,0,-23,0,1,0,0,0,0,0,0,0,0
2024-04-30,0,0,0,0,0,0,0,0,0,0,0,0,0,-51,0,0,0,0,0,0,0,0,0,-68,0,0,0,0,0,0,0,0,0,0,0,0,-85,0,0,64,0,0,0,0,0,0,0,0,1,0,0,0,0,0,0,0,0,0,0,0,0,0,0,0,-90,-4,0,0,0,-46,0,0,0,0,0,0,0,0,2,0,0,-71
2024-05-01,0,0,0,0,0,0,90,0,0,0,99,0,0,99,0,-4,0,0,99,0,-12,0,0,-30,0,0,0,0,0,0,0,0,0,0,0,0,0,0,0,0,0,0,0,0,0,0,0,0,-93,0,0,0,0,0,0,0,0,-1,0,0,0,0,0,0,98,1,0,-25,0,0,0,0,0,0,0,0,0,-71,-2,0,0,1
2024-05-02,0,0,0,0,0,0,0,0,0,0,0,0,0,-57,0,0,0,0,-68,0,0,98,7,0,0,0,0,0,0,0,0,0,0,0,0,0,-84,0,0,0,-20,0,0,0,0,0,0,0,96,0,0,0,0,0,0,0,0,0,0,0,0,0,27,0,0,0,0,0,0,0,0,0,0,0,0,0,0,0,0,0,0,-36
2024-05-03,0,0,0,0,0,0,0,94,0,0,0,0,0,94,0,0,0,0,0,0,0,-98,-7,0,0,-3,0,0,17,0,0,0,98,0,0,0,95,0,0,-64,0,0,0,0,0,0,0,0,0,0,0,0,0,0,0,95,0,0,0,0,0,0,-27,0,97,-50,0,0,1,0,0,0,0,-1,0,0,0,0,0,0,0,-96
2024-05-06,2,0,0,0,0,0,0,-10,0,0,99,0,0,-75,0,0,0,0,99,0,0,0,0,0,0,0,0,0,-17,0,0,0,-86,0,0,0,42,0,0,0,0,0,0,0,0,0,0,0,0,0,0,0,0,0,0,0,0,0,0,0,0,0,0,0,0,-21,0,0,-87,0,0,0,0,0,0,0,0,0,0,0,0,-49
2024-05-07,0,0,0,0,0,0,-1,-41,0,0,0,0,0,0,0,0,0,0,-42,0,0,0,0,0,0,-10,0,0,0,0,0,0,0,0,0,0,0,0,0,0,0,0,0,0,0,0,0,0,0,0,0,0,0,0,0,0,0,0,0,0,0,0,0,0,-72,1,0,0,0,0,0,0,0,0,55,0,0,0,0,0,0,0
2024-05-08,1,0,0,0,0,0,0,0,0,0,0,0,0,0,0,0,0,0,-33,0,0,0,0,0,0,0,0,0,0,0,0,0,0,0,0,0,0,0,0,9,0,0,0,0,0,0,0,0,0,0,0,0,0,0,0,0,0,0,0,0,0,0,0,0,4,0,0,0,-11,0,0,0,0,0,0,0,0,0,0,0,0,0
2024-05-09,-3,0,0,0,0,0,0,-43,92,0,-40,0,0,1,0,-44,0,0,-12,0,0,0,0,0,0,94,0,0,0,0,0,1,-12,-41,82,0,-27,0,0,0,42,0,90,0,0,0,0,0,98,0,0,0,0,0,0,87,0,0,0,0,0,0,0,0,90,0,0,0,0,0,0,0,87,0,0,0,0,84,0,0,0,0
2024-05-10,0,0,2,0,0,0,0,0,-92,0,98,0,0,0,0,0,0,0,-99,0,0,0,11,0,0,0,0,0,0,0,0,-1,0,0,-68,0,99,99,0,0,0,0,0,0,0,0,0,0,-5,0,0,0,0,0,0,0,0,0,0,0,0,0,0,0,0,0,0,0,0,0,0,0,-37,0,0,0,0,0,0,0,0,99
2024-05-13,0,0,0,92,0,0,0,0,99,0,0,0,0,0,0,0,0,0,96,0,0,0,0,0,0,-17,0,0,0,0,0,0,0,0,-14,0,92,-41,0,-9,0,0,-75,0,99,0,0,0,-82,0,0,0,0,0,0,94,0,0,0,0,0,0,0,0,0,4,0,0,0,0,0,0,0,0,69,0,0,-84,91,0,0,0
